{"cameraMode":{"drawMode":0,"name":"Shaded","section":"Shading Mode"},"sceneLighting":false,"audioPlay":false,"sceneViewState":{"m_AlwaysRefresh":false,"showFog":true,"showSkybox":false,"showFlares":true,"showImageEffects":true,"showParticleSystems":true,"showVisualEffectGraphs":true,"m_FxEnabled":true},"in2DMode":false,"pivot":{"x":-0.1222078800201416,"y":1.1111955642700196,"z":-0.08564087748527527},"rotation":{"x":0.08031989634037018,"y":0.1452098935842514,"z":-0.012230229564011097,"w":0.9863837957382202},"size":1.6274434328079224,"orthographic":false}