{"cameraMode":{"drawMode":0,"name":"Shaded","section":"Shading Mode"},"sceneLighting":false,"audioPlay":false,"sceneViewState":{"m_AlwaysRefresh":false,"showFog":true,"showSkybox":false,"showFlares":true,"showImageEffects":true,"showParticleSystems":true,"showVisualEffectGraphs":true,"m_FxEnabled":true},"in2DMode":false,"pivot":{"x":-0.0035224556922912599,"y":0.9619630575180054,"z":-0.009051203727722168},"rotation":{"x":0.10147310048341751,"y":0.19927649199962617,"z":-0.02116028033196926,"w":0.9747738838195801},"size":0.8183371424674988,"orthographic":false}