{"cameraMode":{"drawMode":0,"name":"Shaded","section":"Shading Mode"},"sceneLighting":true,"audioPlay":false,"sceneViewState":{"m_AlwaysRefresh":false,"showFog":true,"showSkybox":true,"showFlares":true,"showImageEffects":true,"showParticleSystems":true,"showVisualEffectGraphs":true,"m_FxEnabled":true},"in2DMode":false,"pivot":{"x":-0.0031317088287323715,"y":2.9999163150787355,"z":-2.984487295150757},"rotation":{"x":-0.14379118382930757,"y":-0.015736253932118417,"z":0.002287080744281411,"w":-0.9894833564758301},"size":0.06251373887062073,"orthographic":false}