{"cameraMode":{"drawMode":0,"name":"Shaded","section":"Shading Mode"},"sceneLighting":false,"audioPlay":false,"sceneViewState":{"m_AlwaysRefresh":false,"showFog":true,"showSkybox":false,"showFlares":true,"showImageEffects":true,"showParticleSystems":true,"showVisualEffectGraphs":true,"m_FxEnabled":true},"in2DMode":false,"pivot":{"x":0.024071216583251954,"y":0.783272385597229,"z":0.04834619164466858},"rotation":{"x":0.10933231562376023,"y":0.4311341643333435,"z":-0.05310727655887604,"w":0.8944319486618042},"size":0.4873746633529663,"orthographic":false}