{"cameraMode":{"drawMode":0,"name":"Shaded","section":"Shading Mode"},"sceneLighting":false,"audioPlay":false,"sceneViewState":{"m_AlwaysRefresh":false,"showFog":true,"showSkybox":false,"showFlares":true,"showImageEffects":true,"showParticleSystems":true,"showVisualEffectGraphs":true,"m_FxEnabled":true},"in2DMode":false,"pivot":{"x":-0.418560266494751,"y":0.8299806118011475,"z":-0.5536190867424011},"rotation":{"x":0.07536417990922928,"y":0.36859217286109927,"z":-0.030351689085364343,"w":0.9263895153999329},"size":0.4873746633529663,"orthographic":false}