{"cameraMode":{"drawMode":0,"name":"Shaded","section":"Shading Mode"},"sceneLighting":false,"audioPlay":false,"sceneViewState":{"m_AlwaysRefresh":false,"showFog":true,"showSkybox":false,"showFlares":true,"showImageEffects":true,"showParticleSystems":true,"showVisualEffectGraphs":true,"m_FxEnabled":true},"in2DMode":false,"pivot":{"x":1174.8399658203125,"y":784.5587768554688,"z":-460.5181884765625},"rotation":{"x":0.08275876939296723,"y":-0.004022681154310703,"z":-0.0006449220818467438,"w":0.997090756893158},"size":246.22145080566407,"orthographic":false}