{"cameraMode":{"drawMode":0,"name":"Shaded","section":"Shading Mode"},"sceneLighting":false,"audioPlay":false,"sceneViewState":{"m_AlwaysRefresh":false,"showFog":true,"showSkybox":false,"showFlares":true,"showImageEffects":true,"showParticleSystems":true,"showVisualEffectGraphs":true,"m_FxEnabled":true},"in2DMode":false,"pivot":{"x":-0.10881756246089935,"y":1.0797433853149415,"z":-0.04165363311767578},"rotation":{"x":0.10147310048341751,"y":0.19927649199962617,"z":-0.02116028033196926,"w":0.9747738838195801},"size":0.904968798160553,"orthographic":false}